"","LeagueIndex","mean_ATH"
"1",1,0.000185471724907134
"2",2,0.000221975834155044
"3",3,0.000281879263053577
"4",4,0.000340099090807951
"5",5,0.000414423541869184
"6",6,0.000511591193822897
"7",7,0.00072339958
"8",8,0.000937248949090909
