"","LeagueIndex","mean_GBP"
"1",1,65.6549874251497
"2",2,53.7888858789625
"3",3,46.143882278481
"4",4,41.0414258939581
"5",5,34.7264734491315
"6",6,30.2078948470209
"7",7,22.97816
"8",8,18.9697727272727
